{"levelId":0,"stages":[{"basketCapacity":1,"collectables":[{"type":0,"position":{"x":0.05999999865889549,"y":2.0,"z":0.30000001192092898},"rotation":{"x":0.0,"y":0.0,"z":0.0,"w":1.0},"scale":{"x":0.5,"y":0.5,"z":0.5}}]},{"basketCapacity":1,"collectables":[{"type":0,"position":{"x":0.8899999856948853,"y":2.0,"z":-0.5600000023841858},"rotation":{"x":0.0,"y":0.0,"z":0.0,"w":1.0},"scale":{"x":0.5,"y":0.5,"z":0.5}}]},{"basketCapacity":1,"collectables":[{"type":0,"position":{"x":0.8899999856948853,"y":2.0,"z":-2.009999990463257},"rotation":{"x":0.0,"y":0.0,"z":0.0,"w":1.0},"scale":{"x":0.5,"y":0.5,"z":0.5}}]}]}